commit	stage	seq_len	latency_ms	context	max_batch	tok_sec	ttft_ms	ms_per_tok	memory_mb	mfu_or_bw_util	bottleneck	accuracy_pct	status	description
c61ca5e	prefill	32	-	-	-	390.1	82	-	0	0.29	COMPUTE_BOUND	100.0	keep	baseline run
c61ca5e	prefill	64	-	-	-	604.5	106	-	0	0.45	COMPUTE_BOUND	100.0	keep	baseline run
c61ca5e	prefill	128	-	-	-	773.0	166	-	0	0.57	COMPUTE_BOUND	100.0	keep	baseline run
c61ca5e	prefill	256	-	-	-	908.8	282	-	0	0.67	COMPUTE_BOUND	100.0	keep	baseline run
c61ca5e	prefill	512	-	-	-	1082.5	473	-	0	0.80	COMPUTE_BOUND	100.0	keep	baseline run
c61ca5e	prefill	1024	-	-	-	1125.7	910	-	0	0.83	COMPUTE_BOUND	100.0	keep	baseline run
c61ca5e	prefill	2048	-	-	-	1150.0	1781	-	0	0.85	COMPUTE_BOUND	100.0	keep	baseline run
c61ca5e	prefill	4096	-	-	-	1154.3	3548	-	0	0.86	COMPUTE_BOUND	100.0	keep	baseline run
c61ca5e	prefill	8192	-	-	-	1133.9	7224	-	0	0.84	COMPUTE_BOUND	100.0	keep	baseline run
c61ca5e	prefill	16384	-	-	-	1055.3	15525	-	0	0.78	COMPUTE_BOUND	100.0	keep	baseline run
c61ca5e	decode	-	20	256	0	0.0	-	20.4	2417	0.00	CONSTRAINT_EXCEEDED	100.0	keep	baseline run
c61ca5e	decode	-	30	256	1	49.0	-	20.4	2417	12.10	MEMORY_BOUND	100.0	keep	baseline run
c61ca5e	decode	-	50	256	1	49.0	-	20.4	2417	12.11	MEMORY_BOUND	100.0	keep	baseline run
c61ca5e	decode	-	100	256	1	49.2	-	20.3	2417	12.15	MEMORY_BOUND	100.0	keep	baseline run
c61ca5e	decode	-	none	256	1	49.2	-	20.3	2417	12.14	MEMORY_BOUND	100.0	keep	baseline run
c61ca5e	decode	-	20	1024	0	0.0	-	20.5	2417	0.00	CONSTRAINT_EXCEEDED	100.0	keep	baseline run
c61ca5e	decode	-	30	1024	1	48.7	-	20.5	2417	12.04	MEMORY_BOUND	100.0	keep	baseline run
c61ca5e	decode	-	50	1024	1	48.8	-	20.5	2417	12.05	MEMORY_BOUND	100.0	keep	baseline run
c61ca5e	decode	-	100	1024	1	48.7	-	20.5	2417	12.04	MEMORY_BOUND	100.0	keep	baseline run
c61ca5e	decode	-	none	1024	1	48.6	-	20.6	2417	12.02	MEMORY_BOUND	100.0	keep	baseline run
f66980c	prefill	32	-	-	-	411.8	78	-	-0	0.31	COMPUTE_BOUND	100.0	keep	baseline run
f66980c	prefill	64	-	-	-	590.2	108	-	0	0.44	COMPUTE_BOUND	100.0	keep	baseline run
f66980c	prefill	128	-	-	-	769.8	166	-	0	0.57	COMPUTE_BOUND	100.0	keep	baseline run
f66980c	prefill	256	-	-	-	910.8	281	-	0	0.67	COMPUTE_BOUND	100.0	keep	baseline run
f66980c	prefill	512	-	-	-	1078.6	475	-	0	0.80	COMPUTE_BOUND	100.0	keep	baseline run
f66980c	prefill	1024	-	-	-	1123.7	911	-	0	0.83	COMPUTE_BOUND	100.0	keep	baseline run
f66980c	prefill	2048	-	-	-	1149.7	1781	-	0	0.85	COMPUTE_BOUND	100.0	keep	baseline run
f66980c	prefill	4096	-	-	-	1137.4	3601	-	0	0.84	COMPUTE_BOUND	100.0	keep	baseline run
f66980c	prefill	8192	-	-	-	1117.7	7330	-	0	0.83	COMPUTE_BOUND	100.0	keep	baseline run
f66980c	prefill	16384	-	-	-	1029.8	15910	-	-0	0.76	COMPUTE_BOUND	100.0	keep	baseline run
f66980c	decode	-	20	256	0	0.0	-	20.5	2431	0.00	CONSTRAINT_EXCEEDED	100.0	keep	baseline run
f66980c	decode	-	30	256	1	48.9	-	20.4	2431	12.08	MEMORY_BOUND	100.0	keep	baseline run
f66980c	decode	-	50	256	1	49.1	-	20.4	2431	12.12	MEMORY_BOUND	100.0	keep	baseline run
f66980c	decode	-	100	256	1	49.0	-	20.4	2431	12.09	MEMORY_BOUND	100.0	keep	baseline run
f66980c	decode	-	none	256	1	49.1	-	20.4	2431	12.13	MEMORY_BOUND	100.0	keep	baseline run
f66980c	decode	-	20	1024	0	0.0	-	20.5	2431	0.00	CONSTRAINT_EXCEEDED	100.0	keep	baseline run
f66980c	decode	-	30	1024	1	48.7	-	20.5	2431	12.03	MEMORY_BOUND	100.0	keep	baseline run
f66980c	decode	-	50	1024	1	48.7	-	20.5	2431	12.03	MEMORY_BOUND	100.0	keep	baseline run
f66980c	decode	-	100	1024	1	48.7	-	20.5	2431	12.04	MEMORY_BOUND	100.0	keep	baseline run
f66980c	decode	-	none	1024	1	48.7	-	20.5	2431	12.03	MEMORY_BOUND	100.0	keep	baseline run
f66980c	prefill	32	-	-	-	418.7	76	-	0	0.31	COMPUTE_BOUND	100.0	keep	baseline run
f66980c	prefill	64	-	-	-	576.7	111	-	0	0.43	COMPUTE_BOUND	100.0	keep	baseline run
f66980c	prefill	128	-	-	-	760.9	168	-	-0	0.56	COMPUTE_BOUND	100.0	keep	baseline run
f66980c	prefill	256	-	-	-	910.6	281	-	0	0.67	COMPUTE_BOUND	100.0	keep	baseline run
f66980c	prefill	512	-	-	-	1075.2	476	-	0	0.80	COMPUTE_BOUND	100.0	keep	baseline run
f66980c	prefill	1024	-	-	-	1121.6	913	-	0	0.83	COMPUTE_BOUND	100.0	keep	baseline run
f66980c	prefill	2048	-	-	-	1140.6	1795	-	0	0.84	COMPUTE_BOUND	100.0	keep	baseline run
f66980c	prefill	4096	-	-	-	1138.3	3598	-	0	0.84	COMPUTE_BOUND	100.0	keep	baseline run
f66980c	prefill	8192	-	-	-	1068.5	7667	-	-0	0.79	COMPUTE_BOUND	100.0	keep	baseline run
f66980c	prefill	16384	-	-	-	938.0	17467	-	0	0.69	COMPUTE_BOUND	100.0	keep	baseline run
f66980c	decode	-	20	256	0	0.0	-	22.1	150	0.00	CONSTRAINT_EXCEEDED	100.0	keep	baseline run
f66980c	decode	-	30	256	1	45.5	-	22.0	150	11.24	MEMORY_BOUND	100.0	keep	baseline run
f66980c	decode	-	50	256	1	45.3	-	22.1	150	11.19	MEMORY_BOUND	100.0	keep	baseline run
f66980c	decode	-	100	256	1	45.5	-	22.0	150	11.23	MEMORY_BOUND	100.0	keep	baseline run
f66980c	decode	-	none	256	1	45.5	-	22.0	150	11.25	MEMORY_BOUND	100.0	keep	baseline run
f66980c	decode	-	20	1024	0	0.0	-	22.1	151	0.00	CONSTRAINT_EXCEEDED	100.0	keep	baseline run
f66980c	decode	-	30	1024	1	45.1	-	22.1	151	11.15	MEMORY_BOUND	100.0	keep	baseline run
f66980c	decode	-	50	1024	1	44.9	-	22.3	151	11.09	MEMORY_BOUND	100.0	keep	baseline run
f66980c	decode	-	100	1024	1	45.5	-	22.0	151	11.23	MEMORY_BOUND	100.0	keep	baseline run
f66980c	decode	-	none	1024	1	44.5	-	22.5	151	11.00	MEMORY_BOUND	100.0	keep	baseline run
f66980c	prefill	32	-	-	-	395.7	81	-	-0	0.29	COMPUTE_BOUND	100.0	keep	baseline run
f66980c	prefill	64	-	-	-	568.9	113	-	0	0.42	COMPUTE_BOUND	100.0	keep	baseline run
f66980c	prefill	128	-	-	-	752.9	170	-	0	0.56	COMPUTE_BOUND	100.0	keep	baseline run
f66980c	prefill	256	-	-	-	921.5	278	-	0	0.68	COMPUTE_BOUND	100.0	keep	baseline run
f66980c	prefill	512	-	-	-	1060.2	483	-	0	0.79	COMPUTE_BOUND	100.0	keep	baseline run
f66980c	prefill	1024	-	-	-	1106.0	926	-	-0	0.82	COMPUTE_BOUND	100.0	keep	baseline run
f66980c	prefill	2048	-	-	-	1130.5	1812	-	0	0.84	COMPUTE_BOUND	100.0	keep	baseline run
f66980c	prefill	4096	-	-	-	1118.8	3661	-	0	0.83	COMPUTE_BOUND	100.0	keep	baseline run
f66980c	prefill	8192	-	-	-	1051.0	7794	-	0	0.78	COMPUTE_BOUND	100.0	keep	baseline run
f66980c	prefill	16384	-	-	-	959.6	17074	-	0	0.71	COMPUTE_BOUND	100.0	keep	baseline run
f66980c	decode	-	20	256	0	0.0	-	21.9	421	0.00	CONSTRAINT_EXCEEDED	100.0	keep	baseline run
f66980c	decode	-	30	256	1	45.6	-	22.0	421	11.25	MEMORY_BOUND	100.0	keep	baseline run
f66980c	decode	-	50	256	1	45.6	-	21.9	421	11.26	MEMORY_BOUND	100.0	keep	baseline run
f66980c	decode	-	100	256	1	45.3	-	22.1	421	11.20	MEMORY_BOUND	100.0	keep	baseline run
f66980c	decode	-	none	256	1	45.6	-	21.9	421	11.26	MEMORY_BOUND	100.0	keep	baseline run
f66980c	decode	-	20	1024	0	0.0	-	22.1	422	0.00	CONSTRAINT_EXCEEDED	100.0	keep	baseline run
f66980c	decode	-	30	1024	1	45.4	-	22.0	422	11.22	MEMORY_BOUND	100.0	keep	baseline run
f66980c	decode	-	50	1024	1	45.5	-	22.0	422	11.24	MEMORY_BOUND	100.0	keep	baseline run
f66980c	decode	-	100	1024	1	45.6	-	22.0	422	11.25	MEMORY_BOUND	100.0	keep	baseline run
f66980c	decode	-	none	1024	1	45.4	-	22.0	422	11.23	MEMORY_BOUND	100.0	keep	baseline run
6453148	prefill	32	-	-	-	398.3	80	-	0	0.30	COMPUTE_BOUND	100.0	keep	baseline run
6453148	prefill	64	-	-	-	577.6	111	-	-0	0.43	COMPUTE_BOUND	100.0	keep	baseline run
6453148	prefill	128	-	-	-	765.3	167	-	0	0.57	COMPUTE_BOUND	100.0	keep	baseline run
6453148	prefill	256	-	-	-	903.7	283	-	0	0.67	COMPUTE_BOUND	100.0	keep	baseline run
6453148	prefill	512	-	-	-	1043.6	491	-	0	0.77	COMPUTE_BOUND	100.0	keep	baseline run
6453148	prefill	1024	-	-	-	1093.6	936	-	0	0.81	COMPUTE_BOUND	100.0	keep	baseline run
6453148	prefill	2048	-	-	-	1114.9	1837	-	0	0.83	COMPUTE_BOUND	100.0	keep	baseline run
6453148	prefill	4096	-	-	-	1109.6	3692	-	0	0.82	COMPUTE_BOUND	100.0	keep	baseline run
6453148	prefill	8192	-	-	-	1024.9	7993	-	-0	0.76	COMPUTE_BOUND	100.0	keep	baseline run
6453148	prefill	16384	-	-	-	936.7	17492	-	0	0.69	COMPUTE_BOUND	100.0	keep	baseline run
6453148	decode	-	20	256	0	0.0	-	22.4	337	0.00	CONSTRAINT_EXCEEDED	100.0	keep	baseline run
6453148	decode	-	30	256	1	44.9	-	22.3	337	11.08	MEMORY_BOUND	100.0	keep	baseline run
6453148	decode	-	50	256	1	44.9	-	22.3	337	11.08	MEMORY_BOUND	100.0	keep	baseline run
6453148	decode	-	100	256	1	44.9	-	22.3	337	11.08	MEMORY_BOUND	100.0	keep	baseline run
6453148	decode	-	none	256	1	44.7	-	22.4	337	11.04	MEMORY_BOUND	100.0	keep	baseline run
6453148	decode	-	20	1024	0	0.0	-	22.4	338	0.00	CONSTRAINT_EXCEEDED	100.0	keep	baseline run
6453148	decode	-	30	1024	1	44.6	-	22.4	338	11.03	MEMORY_BOUND	100.0	keep	baseline run
6453148	decode	-	50	1024	1	44.5	-	22.5	338	11.00	MEMORY_BOUND	100.0	keep	baseline run
6453148	decode	-	100	1024	1	44.7	-	22.4	338	11.03	MEMORY_BOUND	100.0	keep	baseline run
6453148	decode	-	none	1024	1	44.7	-	22.4	338	11.04	MEMORY_BOUND	100.0	keep	baseline run
6453148	prefill	32	-	-	-	390.5	82	-	-0	0.29	COMPUTE_BOUND	100.0	keep	baseline run
6453148	prefill	64	-	-	-	577.7	111	-	0	0.43	COMPUTE_BOUND	100.0	keep	baseline run
6453148	prefill	128	-	-	-	760.4	168	-	0	0.56	COMPUTE_BOUND	100.0	keep	baseline run
6453148	prefill	256	-	-	-	899.2	285	-	0	0.67	COMPUTE_BOUND	100.0	keep	baseline run
6453148	prefill	512	-	-	-	1043.6	491	-	0	0.77	COMPUTE_BOUND	100.0	keep	baseline run
6453148	prefill	1024	-	-	-	1092.7	937	-	-0	0.81	COMPUTE_BOUND	100.0	keep	baseline run
6453148	prefill	2048	-	-	-	1116.7	1834	-	0	0.83	COMPUTE_BOUND	100.0	keep	baseline run
6453148	prefill	4096	-	-	-	1109.3	3692	-	0	0.82	COMPUTE_BOUND	100.0	keep	baseline run
6453148	prefill	8192	-	-	-	1039.1	7884	-	0	0.77	COMPUTE_BOUND	100.0	keep	baseline run
6453148	prefill	16384	-	-	-	943.0	17374	-	0	0.70	COMPUTE_BOUND	100.0	keep	baseline run
6453148	decode	-	20	256	0	0.0	-	22.3	197	0.00	CONSTRAINT_EXCEEDED	100.0	keep	baseline run
6453148	decode	-	30	256	1	44.7	-	22.4	197	11.04	MEMORY_BOUND	100.0	keep	baseline run
6453148	decode	-	50	256	1	44.7	-	22.3	197	11.05	MEMORY_BOUND	100.0	keep	baseline run
6453148	decode	-	100	256	1	45.0	-	22.2	197	11.10	MEMORY_BOUND	100.0	keep	baseline run
6453148	decode	-	none	256	1	44.7	-	22.4	197	11.05	MEMORY_BOUND	100.0	keep	baseline run
6453148	decode	-	20	1024	0	0.0	-	22.4	197	0.00	CONSTRAINT_EXCEEDED	100.0	keep	baseline run
6453148	decode	-	30	1024	1	44.2	-	22.6	197	10.93	MEMORY_BOUND	100.0	keep	baseline run
6453148	decode	-	50	1024	1	44.5	-	22.5	197	10.98	MEMORY_BOUND	100.0	keep	baseline run
6453148	decode	-	100	1024	1	44.6	-	22.4	197	11.01	MEMORY_BOUND	100.0	keep	baseline run
6453148	decode	-	none	1024	1	44.3	-	22.6	197	10.95	MEMORY_BOUND	100.0	keep	baseline run
d05e2e7	prefill	32	-	-	-	397.8	80	-	0	0.29	COMPUTE_BOUND	100.0	keep	baseline run
d05e2e7	prefill	64	-	-	-	591.0	108	-	0	0.44	COMPUTE_BOUND	100.0	keep	baseline run
d05e2e7	prefill	128	-	-	-	763.1	168	-	0	0.57	COMPUTE_BOUND	100.0	keep	baseline run
d05e2e7	prefill	256	-	-	-	900.2	284	-	0	0.67	COMPUTE_BOUND	100.0	keep	baseline run
d05e2e7	prefill	512	-	-	-	1047.2	489	-	0	0.78	COMPUTE_BOUND	100.0	keep	baseline run
d05e2e7	prefill	1024	-	-	-	1093.4	937	-	-0	0.81	COMPUTE_BOUND	100.0	keep	baseline run
d05e2e7	prefill	2048	-	-	-	1116.4	1834	-	0	0.83	COMPUTE_BOUND	100.0	keep	baseline run
d05e2e7	prefill	4096	-	-	-	1109.8	3691	-	0	0.82	COMPUTE_BOUND	100.0	keep	baseline run
d05e2e7	prefill	8192	-	-	-	1041.1	7868	-	0	0.77	COMPUTE_BOUND	100.0	keep	baseline run
d05e2e7	prefill	16384	-	-	-	985.7	16622	-	0	0.73	COMPUTE_BOUND	100.0	keep	baseline run
d05e2e7	decode	-	20	256	0	0.0	-	22.2	310	0.00	CONSTRAINT_EXCEEDED	100.0	keep	baseline run
d05e2e7	decode	-	30	256	1	44.9	-	22.3	310	11.10	MEMORY_BOUND	100.0	keep	baseline run
d05e2e7	decode	-	50	256	1	45.1	-	22.2	310	11.13	MEMORY_BOUND	100.0	keep	baseline run
d05e2e7	decode	-	100	256	1	45.0	-	22.2	310	11.12	MEMORY_BOUND	100.0	keep	baseline run
d05e2e7	decode	-	none	256	1	45.1	-	22.2	310	11.15	MEMORY_BOUND	100.0	keep	baseline run
d05e2e7	decode	-	20	1024	0	0.0	-	22.2	311	0.00	CONSTRAINT_EXCEEDED	100.0	keep	baseline run
d05e2e7	decode	-	30	1024	1	44.9	-	22.3	311	11.10	MEMORY_BOUND	100.0	keep	baseline run
d05e2e7	decode	-	50	1024	1	44.8	-	22.3	311	11.06	MEMORY_BOUND	100.0	keep	baseline run
d05e2e7	decode	-	100	1024	1	44.9	-	22.3	311	11.09	MEMORY_BOUND	100.0	keep	baseline run
d05e2e7	decode	-	none	1024	1	44.9	-	22.3	311	11.10	MEMORY_BOUND	100.0	keep	baseline run
d05e2e7	prefill	32	-	-	-	393.7	81	-	-0	0.29	COMPUTE_BOUND	100.0	keep	baseline run
d05e2e7	prefill	64	-	-	-	578.6	111	-	0	0.43	COMPUTE_BOUND	100.0	keep	baseline run
d05e2e7	prefill	128	-	-	-	786.6	163	-	0	0.58	COMPUTE_BOUND	100.0	keep	baseline run
d05e2e7	prefill	256	-	-	-	914.5	280	-	0	0.68	COMPUTE_BOUND	100.0	keep	baseline run
d05e2e7	prefill	512	-	-	-	1081.1	474	-	0	0.80	COMPUTE_BOUND	100.0	keep	baseline run
d05e2e7	prefill	1024	-	-	-	1125.4	910	-	0	0.83	COMPUTE_BOUND	100.0	keep	baseline run
d05e2e7	prefill	2048	-	-	-	1150.2	1781	-	0	0.85	COMPUTE_BOUND	100.0	keep	baseline run
d05e2e7	prefill	4096	-	-	-	1139.2	3596	-	0	0.84	COMPUTE_BOUND	100.0	keep	baseline run
d05e2e7	prefill	8192	-	-	-	1077.9	7600	-	0	0.80	COMPUTE_BOUND	100.0	keep	baseline run
d05e2e7	prefill	16384	-	-	-	1004.6	16309	-	0	0.74	COMPUTE_BOUND	100.0	keep	baseline run
d05e2e7	decode	-	20	256	0	0.0	-	20.3	394	0.00	CONSTRAINT_EXCEEDED	100.0	keep	baseline run
d05e2e7	decode	-	30	256	1	49.0	-	20.4	394	12.10	MEMORY_BOUND	100.0	keep	baseline run
d05e2e7	decode	-	50	256	1	49.2	-	20.3	394	12.14	MEMORY_BOUND	100.0	keep	baseline run
d05e2e7	decode	-	100	256	1	49.3	-	20.3	394	12.17	MEMORY_BOUND	100.0	keep	baseline run
d05e2e7	decode	-	none	256	1	49.1	-	20.4	394	12.13	MEMORY_BOUND	100.0	keep	baseline run
d05e2e7	decode	-	20	1024	0	0.0	-	20.5	395	0.00	CONSTRAINT_EXCEEDED	100.0	keep	baseline run
d05e2e7	decode	-	30	1024	1	49.0	-	20.4	395	12.11	MEMORY_BOUND	100.0	keep	baseline run
d05e2e7	decode	-	50	1024	1	49.0	-	20.4	395	12.10	MEMORY_BOUND	100.0	keep	baseline run
d05e2e7	decode	-	100	1024	1	48.9	-	20.5	395	12.08	MEMORY_BOUND	100.0	keep	baseline run
d05e2e7	decode	-	none	1024	1	48.8	-	20.5	395	12.06	MEMORY_BOUND	100.0	keep	baseline run
d05e2e7	prefill	32	-	-	-	418.8	76	-	0	0.31	COMPUTE_BOUND	100.0	keep	baseline run
d05e2e7	prefill	64	-	-	-	581.1	110	-	0	0.43	COMPUTE_BOUND	100.0	keep	baseline run
d05e2e7	prefill	128	-	-	-	781.7	164	-	0	0.58	COMPUTE_BOUND	100.0	keep	baseline run
d05e2e7	prefill	256	-	-	-	912.0	281	-	0	0.68	COMPUTE_BOUND	100.0	keep	baseline run
d05e2e7	prefill	512	-	-	-	1081.5	473	-	0	0.80	COMPUTE_BOUND	100.0	keep	baseline run
d05e2e7	prefill	1024	-	-	-	1125.3	910	-	0	0.83	COMPUTE_BOUND	100.0	keep	baseline run
d05e2e7	prefill	2048	-	-	-	1150.6	1780	-	0	0.85	COMPUTE_BOUND	100.0	keep	baseline run
d05e2e7	prefill	4096	-	-	-	1122.5	3649	-	0	0.83	COMPUTE_BOUND	100.0	keep	baseline run
d05e2e7	prefill	8192	-	-	-	1033.1	7929	-	0	0.77	COMPUTE_BOUND	100.0	keep	baseline run
d05e2e7	prefill	16384	-	-	-	970.2	16888	-	-5	0.72	COMPUTE_BOUND	100.0	keep	baseline run
d05e2e7	decode	-	20	256	0	0.0	-	20.4	2274	0.00	CONSTRAINT_EXCEEDED	100.0	keep	baseline run
d05e2e7	decode	-	30	256	1	49.2	-	20.3	2274	12.14	MEMORY_BOUND	100.0	keep	baseline run
d05e2e7	decode	-	50	256	1	49.1	-	20.3	2274	12.14	MEMORY_BOUND	100.0	keep	baseline run
d05e2e7	decode	-	100	256	1	49.2	-	20.3	2274	12.15	MEMORY_BOUND	100.0	keep	baseline run
d05e2e7	decode	-	none	256	1	48.5	-	20.6	2275	11.98	MEMORY_BOUND	100.0	keep	baseline run
d05e2e7	decode	-	20	1024	0	0.0	-	20.4	2275	0.00	CONSTRAINT_EXCEEDED	100.0	keep	baseline run
d05e2e7	decode	-	30	1024	1	48.4	-	20.7	2275	11.95	MEMORY_BOUND	100.0	keep	baseline run
d05e2e7	decode	-	50	1024	1	49.0	-	20.4	2275	12.09	MEMORY_BOUND	100.0	keep	baseline run
d05e2e7	decode	-	100	1024	1	48.9	-	20.5	2275	12.08	MEMORY_BOUND	100.0	keep	baseline run
d05e2e7	decode	-	none	1024	1	48.8	-	20.5	2275	12.06	MEMORY_BOUND	100.0	keep	baseline run
4f20434	prefill	32	-	-	-	415.6	77	-	0	0.31	COMPUTE_BOUND	100.0	keep	baseline run
4f20434	prefill	64	-	-	-	579.5	110	-	0	0.43	COMPUTE_BOUND	100.0	keep	baseline run
4f20434	prefill	128	-	-	-	771.1	166	-	-0	0.57	COMPUTE_BOUND	100.0	keep	baseline run
4f20434	prefill	256	-	-	-	917.0	279	-	0	0.68	COMPUTE_BOUND	100.0	keep	baseline run
4f20434	prefill	512	-	-	-	1073.4	477	-	0	0.80	COMPUTE_BOUND	100.0	keep	baseline run
4f20434	prefill	1024	-	-	-	1126.1	909	-	-0	0.83	COMPUTE_BOUND	100.0	keep	baseline run
4f20434	prefill	2048	-	-	-	1158.6	1768	-	0	0.86	COMPUTE_BOUND	100.0	keep	baseline run
4f20434	prefill	4096	-	-	-	1160.2	3530	-	0	0.86	COMPUTE_BOUND	100.0	keep	baseline run
4f20434	prefill	8192	-	-	-	1119.5	7317	-	-0	0.83	COMPUTE_BOUND	100.0	keep	baseline run
4f20434	prefill	16384	-	-	-	1023.0	16016	-	0	0.76	COMPUTE_BOUND	100.0	keep	baseline run
4f20434	decode	-	20	256	0	0.0	-	20.4	2416	0.00	CONSTRAINT_EXCEEDED	100.0	keep	baseline run
4f20434	decode	-	30	256	1	48.8	-	20.5	2416	12.05	MEMORY_BOUND	100.0	keep	baseline run
4f20434	decode	-	50	256	1	49.3	-	20.3	2416	12.19	MEMORY_BOUND	100.0	keep	baseline run
4f20434	decode	-	100	256	1	49.2	-	20.3	2416	12.16	MEMORY_BOUND	100.0	keep	baseline run
4f20434	decode	-	none	256	1	49.1	-	20.4	2416	12.12	MEMORY_BOUND	100.0	keep	baseline run
4f20434	decode	-	20	1024	0	0.0	-	20.5	2416	0.00	CONSTRAINT_EXCEEDED	100.0	keep	baseline run
4f20434	decode	-	30	1024	1	49.0	-	20.4	2416	12.09	MEMORY_BOUND	100.0	keep	baseline run
4f20434	decode	-	50	1024	1	48.9	-	20.4	2416	12.08	MEMORY_BOUND	100.0	keep	baseline run
4f20434	decode	-	100	1024	1	48.9	-	20.5	2416	12.08	MEMORY_BOUND	100.0	keep	baseline run
4f20434	decode	-	none	1024	1	49.0	-	20.4	2416	12.10	MEMORY_BOUND	100.0	keep	baseline run
4f20434	prefill	32	-	-	-	402.3	80	-	0	0.30	COMPUTE_BOUND	100.0	keep	baseline run
4f20434	prefill	64	-	-	-	587.7	109	-	0	0.44	COMPUTE_BOUND	100.0	keep	baseline run
4f20434	prefill	128	-	-	-	766.1	167	-	0	0.57	COMPUTE_BOUND	100.0	keep	baseline run
4f20434	prefill	256	-	-	-	918.7	279	-	0	0.68	COMPUTE_BOUND	100.0	keep	baseline run
4f20434	prefill	512	-	-	-	1078.4	475	-	0	0.80	COMPUTE_BOUND	100.0	keep	baseline run
4f20434	prefill	1024	-	-	-	1121.2	913	-	0	0.83	COMPUTE_BOUND	100.0	keep	baseline run
4f20434	prefill	2048	-	-	-	1147.8	1784	-	0	0.85	COMPUTE_BOUND	100.0	keep	baseline run
4f20434	prefill	4096	-	-	-	1136.5	3604	-	0	0.84	COMPUTE_BOUND	100.0	keep	baseline run
4f20434	prefill	8192	-	-	-	1037.6	7895	-	0	0.77	COMPUTE_BOUND	100.0	keep	baseline run
4f20434	prefill	16384	-	-	-	969.0	16908	-	0	0.72	COMPUTE_BOUND	100.0	keep	baseline run
4f20434	decode	-	20	256	0	0.0	-	20.5	188	0.00	CONSTRAINT_EXCEEDED	100.0	keep	baseline run
4f20434	decode	-	30	256	1	48.8	-	20.5	188	12.06	MEMORY_BOUND	100.0	keep	baseline run
4f20434	decode	-	50	256	1	48.9	-	20.5	188	12.07	MEMORY_BOUND	100.0	keep	baseline run
4f20434	decode	-	100	256	1	49.1	-	20.4	188	12.12	MEMORY_BOUND	100.0	keep	baseline run
4f20434	decode	-	none	256	1	48.9	-	20.4	188	12.08	MEMORY_BOUND	100.0	keep	baseline run
4f20434	decode	-	20	1024	0	0.0	-	20.5	189	0.00	CONSTRAINT_EXCEEDED	100.0	keep	baseline run
4f20434	decode	-	30	1024	1	48.6	-	20.6	189	12.00	MEMORY_BOUND	100.0	keep	baseline run
4f20434	decode	-	50	1024	1	48.7	-	20.6	189	12.02	MEMORY_BOUND	100.0	keep	baseline run
4f20434	decode	-	100	1024	1	48.7	-	20.5	189	12.04	MEMORY_BOUND	100.0	keep	baseline run
4f20434	decode	-	none	1024	1	48.7	-	20.5	189	12.03	MEMORY_BOUND	100.0	keep	baseline run
a76c2f1	prefill	32	-	-	-	400.8	80	-	0	0.30	COMPUTE_BOUND	100.0	keep	baseline run
a76c2f1	prefill	64	-	-	-	572.1	112	-	-0	0.42	COMPUTE_BOUND	100.0	keep	baseline run
a76c2f1	prefill	128	-	-	-	745.6	172	-	-0	0.55	COMPUTE_BOUND	100.0	keep	baseline run
a76c2f1	prefill	256	-	-	-	899.1	285	-	-0	0.67	COMPUTE_BOUND	100.0	keep	baseline run
a76c2f1	prefill	512	-	-	-	1036.6	494	-	0	0.77	COMPUTE_BOUND	100.0	keep	baseline run
a76c2f1	prefill	1024	-	-	-	1092.1	938	-	0	0.81	COMPUTE_BOUND	100.0	keep	baseline run
a76c2f1	prefill	2048	-	-	-	1112.9	1840	-	0	0.82	COMPUTE_BOUND	100.0	keep	baseline run
a76c2f1	prefill	4096	-	-	-	1106.3	3702	-	0	0.82	COMPUTE_BOUND	100.0	keep	baseline run
a76c2f1	prefill	8192	-	-	-	1041.8	7863	-	0	0.77	COMPUTE_BOUND	100.0	keep	baseline run
a76c2f1	prefill	16384	-	-	-	989.0	16566	-	-35	0.73	COMPUTE_BOUND	100.0	keep	baseline run
a76c2f1	decode	-	20	256	0	0.0	-	22.0	171	0.00	CONSTRAINT_EXCEEDED	100.0	keep	baseline run
a76c2f1	decode	-	30	256	1	45.2	-	22.1	171	11.17	MEMORY_BOUND	100.0	keep	baseline run
a76c2f1	decode	-	50	256	1	45.3	-	22.1	171	11.18	MEMORY_BOUND	100.0	keep	baseline run
a76c2f1	decode	-	100	256	1	45.3	-	22.1	171	11.18	MEMORY_BOUND	100.0	keep	baseline run
a76c2f1	decode	-	none	256	1	45.4	-	22.0	171	11.20	MEMORY_BOUND	100.0	keep	baseline run
a76c2f1	decode	-	20	1024	0	0.0	-	22.2	172	0.00	CONSTRAINT_EXCEEDED	100.0	keep	baseline run
a76c2f1	decode	-	30	1024	1	45.0	-	22.2	172	11.12	MEMORY_BOUND	100.0	keep	baseline run
a76c2f1	decode	-	50	1024	1	45.0	-	22.2	172	11.12	MEMORY_BOUND	100.0	keep	baseline run
a76c2f1	decode	-	100	1024	1	45.1	-	22.2	172	11.13	MEMORY_BOUND	100.0	keep	baseline run
a76c2f1	decode	-	none	1024	1	45.1	-	22.2	172	11.15	MEMORY_BOUND	100.0	keep	baseline run
e4f7a36	prefill	32	-	-	-	401.9	80	-	0	0.30	COMPUTE_BOUND	100.0	keep	baseline run
e4f7a36	prefill	64	-	-	-	571.2	112	-	0	0.42	COMPUTE_BOUND	100.0	keep	baseline run
e4f7a36	prefill	128	-	-	-	749.8	171	-	0	0.56	COMPUTE_BOUND	100.0	keep	baseline run
e4f7a36	prefill	256	-	-	-	895.9	286	-	0	0.66	COMPUTE_BOUND	100.0	keep	baseline run
e4f7a36	prefill	512	-	-	-	1048.1	488	-	0	0.78	COMPUTE_BOUND	100.0	keep	baseline run
e4f7a36	prefill	1024	-	-	-	1097.0	933	-	-0	0.81	COMPUTE_BOUND	100.0	keep	baseline run
e4f7a36	prefill	2048	-	-	-	1121.4	1826	-	0	0.83	COMPUTE_BOUND	100.0	keep	baseline run
e4f7a36	prefill	4096	-	-	-	1110.1	3690	-	0	0.82	COMPUTE_BOUND	100.0	keep	baseline run
e4f7a36	prefill	8192	-	-	-	1043.7	7849	-	0	0.77	COMPUTE_BOUND	100.0	keep	baseline run
e4f7a36	prefill	16384	-	-	-	919.0	17829	-	0	0.68	COMPUTE_BOUND	100.0	keep	baseline run
e4f7a36	decode	-	20	256	0	0.0	-	21.5	89	0.00	CONSTRAINT_EXCEEDED	100.0	keep	baseline run
e4f7a36	decode	-	30	256	1	46.5	-	21.5	89	11.50	MEMORY_BOUND	100.0	keep	baseline run
e4f7a36	decode	-	50	256	1	46.5	-	21.5	89	11.48	MEMORY_BOUND	100.0	keep	baseline run
e4f7a36	decode	-	100	256	1	46.5	-	21.5	89	11.48	MEMORY_BOUND	100.0	keep	baseline run
e4f7a36	decode	-	none	256	1	46.3	-	21.6	89	11.45	MEMORY_BOUND	100.0	keep	baseline run
e4f7a36	decode	-	20	1024	0	0.0	-	21.8	90	0.00	CONSTRAINT_EXCEEDED	100.0	keep	baseline run
e4f7a36	decode	-	30	1024	1	46.2	-	21.6	90	11.42	MEMORY_BOUND	100.0	keep	baseline run
e4f7a36	decode	-	50	1024	1	46.2	-	21.6	90	11.42	MEMORY_BOUND	100.0	keep	baseline run
e4f7a36	decode	-	100	1024	1	46.2	-	21.6	90	11.42	MEMORY_BOUND	100.0	keep	baseline run
e4f7a36	decode	-	none	1024	1	46.2	-	21.6	90	11.41	MEMORY_BOUND	100.0	keep	baseline run
e4f7a36	prefill	32	-	-	-	407.7	78	-	0	0.30	COMPUTE_BOUND	100.0	keep	baseline run
e4f7a36	prefill	64	-	-	-	570.4	112	-	0	0.42	COMPUTE_BOUND	100.0	keep	baseline run
e4f7a36	prefill	128	-	-	-	755.2	169	-	0	0.56	COMPUTE_BOUND	100.0	keep	baseline run
e4f7a36	prefill	256	-	-	-	901.1	284	-	0	0.67	COMPUTE_BOUND	100.0	keep	baseline run
e4f7a36	prefill	512	-	-	-	1043.0	491	-	0	0.77	COMPUTE_BOUND	100.0	keep	baseline run
e4f7a36	prefill	1024	-	-	-	1095.1	935	-	0	0.81	COMPUTE_BOUND	100.0	keep	baseline run
e4f7a36	prefill	2048	-	-	-	1118.3	1831	-	-0	0.83	COMPUTE_BOUND	100.0	keep	baseline run
e4f7a36	prefill	4096	-	-	-	1111.4	3686	-	0	0.82	COMPUTE_BOUND	100.0	keep	baseline run
e4f7a36	prefill	8192	-	-	-	1089.4	7520	-	-0	0.81	COMPUTE_BOUND	100.0	keep	baseline run
e4f7a36	prefill	16384	-	-	-	1025.2	15982	-	0	0.76	COMPUTE_BOUND	100.0	keep	baseline run
e4f7a36	decode	-	20	256	0	0.0	-	22.0	2418	0.00	CONSTRAINT_EXCEEDED	100.0	keep	baseline run
e4f7a36	decode	-	30	256	1	45.6	-	21.9	2418	11.25	MEMORY_BOUND	100.0	keep	baseline run
e4f7a36	decode	-	50	256	1	45.4	-	22.0	2418	11.22	MEMORY_BOUND	100.0	keep	baseline run
e4f7a36	decode	-	100	256	1	45.5	-	22.0	2418	11.24	MEMORY_BOUND	100.0	keep	baseline run
e4f7a36	decode	-	none	256	1	45.6	-	21.9	2418	11.26	MEMORY_BOUND	100.0	keep	baseline run
e4f7a36	decode	-	20	1024	0	0.0	-	21.9	2418	0.00	CONSTRAINT_EXCEEDED	100.0	keep	baseline run
e4f7a36	decode	-	30	1024	1	45.5	-	22.0	2418	11.23	MEMORY_BOUND	100.0	keep	baseline run
e4f7a36	decode	-	50	1024	1	45.6	-	21.9	2418	11.27	MEMORY_BOUND	100.0	keep	baseline run
e4f7a36	decode	-	100	1024	1	46.0	-	21.7	2418	11.37	MEMORY_BOUND	100.0	keep	baseline run
e4f7a36	decode	-	none	1024	1	45.9	-	21.8	2418	11.33	MEMORY_BOUND	100.0	keep	baseline run
1b5944f	prefill	32	-	-	-	396.8	81	-	0	0.29	COMPUTE_BOUND	100.0	keep	baseline run
1b5944f	prefill	64	-	-	-	575.0	111	-	0	0.43	COMPUTE_BOUND	100.0	keep	baseline run
1b5944f	prefill	128	-	-	-	753.3	170	-	0	0.56	COMPUTE_BOUND	100.0	keep	baseline run
1b5944f	prefill	256	-	-	-	891.0	287	-	0	0.66	COMPUTE_BOUND	100.0	keep	baseline run
1b5944f	prefill	512	-	-	-	1041.7	491	-	0	0.77	COMPUTE_BOUND	100.0	keep	baseline run
1b5944f	prefill	1024	-	-	-	1094.8	935	-	0	0.81	COMPUTE_BOUND	100.0	keep	baseline run
1b5944f	prefill	2048	-	-	-	1118.4	1831	-	0	0.83	COMPUTE_BOUND	100.0	keep	baseline run
1b5944f	prefill	4096	-	-	-	1123.8	3645	-	0	0.83	COMPUTE_BOUND	100.0	keep	baseline run
1b5944f	prefill	8192	-	-	-	1102.5	7430	-	0	0.82	COMPUTE_BOUND	100.0	keep	baseline run
1b5944f	prefill	16384	-	-	-	1011.6	16196	-	0	0.75	COMPUTE_BOUND	100.0	keep	baseline run
1b5944f	decode	-	20	256	0	0.0	-	21.5	2416	0.00	CONSTRAINT_EXCEEDED	100.0	keep	baseline run
1b5944f	decode	-	30	256	1	46.7	-	21.4	2416	11.54	MEMORY_BOUND	100.0	keep	baseline run
1b5944f	decode	-	50	256	1	46.8	-	21.4	2416	11.55	MEMORY_BOUND	100.0	keep	baseline run
1b5944f	decode	-	100	256	1	46.8	-	21.4	2416	11.55	MEMORY_BOUND	100.0	keep	baseline run
1b5944f	decode	-	none	256	1	46.8	-	21.4	2416	11.56	MEMORY_BOUND	100.0	keep	baseline run
1b5944f	decode	-	20	1024	0	0.0	-	21.5	2416	0.00	CONSTRAINT_EXCEEDED	100.0	keep	baseline run
1b5944f	decode	-	30	1024	1	46.6	-	21.5	2416	11.51	MEMORY_BOUND	100.0	keep	baseline run
1b5944f	decode	-	50	1024	1	46.6	-	21.5	2416	11.51	MEMORY_BOUND	100.0	keep	baseline run
1b5944f	decode	-	100	1024	1	46.7	-	21.4	2416	11.53	MEMORY_BOUND	100.0	keep	baseline run
1b5944f	decode	-	none	1024	1	46.4	-	21.5	2416	11.47	MEMORY_BOUND	100.0	keep	baseline run
1b5944f	prefill	32	-	-	-	397.1	81	-	0	0.29	COMPUTE_BOUND	100.0	keep	baseline run
1b5944f	prefill	64	-	-	-	578.2	111	-	-0	0.43	COMPUTE_BOUND	100.0	keep	baseline run
1b5944f	prefill	128	-	-	-	753.0	170	-	0	0.56	COMPUTE_BOUND	100.0	keep	baseline run
1b5944f	prefill	256	-	-	-	894.0	286	-	0	0.66	COMPUTE_BOUND	100.0	keep	baseline run
1b5944f	prefill	512	-	-	-	1048.4	488	-	0	0.78	COMPUTE_BOUND	100.0	keep	baseline run
1b5944f	prefill	1024	-	-	-	1095.0	935	-	-0	0.81	COMPUTE_BOUND	100.0	keep	baseline run
1b5944f	prefill	2048	-	-	-	1101.8	1859	-	0	0.82	COMPUTE_BOUND	100.0	keep	baseline run
1b5944f	prefill	4096	-	-	-	1089.1	3761	-	0	0.81	COMPUTE_BOUND	100.0	keep	baseline run
1b5944f	prefill	8192	-	-	-	1105.8	7408	-	0	0.82	COMPUTE_BOUND	100.0	keep	baseline run
1b5944f	prefill	16384	-	-	-	1008.5	16246	-	0	0.75	COMPUTE_BOUND	100.0	keep	baseline run
1b5944f	decode	-	20	256	0	0.0	-	20.6	2434	0.00	CONSTRAINT_EXCEEDED	100.0	keep	baseline run
1b5944f	decode	-	30	256	1	48.7	-	20.5	2434	12.04	MEMORY_BOUND	100.0	keep	baseline run
1b5944f	decode	-	50	256	1	48.6	-	20.6	2434	12.01	MEMORY_BOUND	100.0	keep	baseline run
1b5944f	decode	-	100	256	1	46.5	-	21.5	2434	11.49	MEMORY_BOUND	100.0	keep	baseline run
1b5944f	decode	-	none	256	1	46.8	-	21.4	2434	11.56	MEMORY_BOUND	100.0	keep	baseline run
1b5944f	decode	-	20	1024	0	0.0	-	21.6	2433	0.00	CONSTRAINT_EXCEEDED	100.0	keep	baseline run
1b5944f	decode	-	30	1024	1	46.5	-	21.5	2433	11.47	MEMORY_BOUND	100.0	keep	baseline run
1b5944f	decode	-	50	1024	1	46.0	-	21.7	2433	11.36	MEMORY_BOUND	100.0	keep	baseline run
1b5944f	decode	-	100	1024	1	46.9	-	21.3	2433	11.58	MEMORY_BOUND	100.0	keep	baseline run
1b5944f	decode	-	none	1024	1	46.2	-	21.6	2433	11.42	MEMORY_BOUND	100.0	keep	baseline run
1b5944f	prefill	32	-	-	-	398.4	80	-	0	0.30	COMPUTE_BOUND	100.0	keep	baseline run
1b5944f	prefill	64	-	-	-	548.8	117	-	-0	0.41	COMPUTE_BOUND	100.0	keep	baseline run
1b5944f	prefill	128	-	-	-	735.8	174	-	0	0.55	COMPUTE_BOUND	100.0	keep	baseline run
1b5944f	prefill	256	-	-	-	871.1	294	-	0	0.65	COMPUTE_BOUND	100.0	keep	baseline run
1b5944f	prefill	512	-	-	-	1014.9	504	-	0	0.75	COMPUTE_BOUND	100.0	keep	baseline run
1b5944f	prefill	1024	-	-	-	1073.8	954	-	0	0.80	COMPUTE_BOUND	100.0	keep	baseline run
1b5944f	prefill	2048	-	-	-	1108.7	1847	-	0	0.82	COMPUTE_BOUND	100.0	keep	baseline run
1b5944f	prefill	4096	-	-	-	1140.3	3592	-	0	0.84	COMPUTE_BOUND	100.0	keep	baseline run
1b5944f	prefill	8192	-	-	-	1110.6	7376	-	0	0.82	COMPUTE_BOUND	100.0	keep	baseline run
1b5944f	prefill	16384	-	-	-	1058.9	15472	-	0	0.78	COMPUTE_BOUND	100.0	keep	baseline run
1b5944f	decode	-	20	256	0	0.0	-	20.4	2418	0.00	CONSTRAINT_EXCEEDED	100.0	keep	baseline run
1b5944f	decode	-	30	256	1	49.1	-	20.4	2418	12.13	MEMORY_BOUND	100.0	keep	baseline run
1b5944f	decode	-	50	256	1	49.0	-	20.4	2418	12.10	MEMORY_BOUND	100.0	keep	baseline run
1b5944f	decode	-	100	256	1	49.1	-	20.4	2418	12.13	MEMORY_BOUND	100.0	keep	baseline run
1b5944f	decode	-	none	256	1	49.1	-	20.4	2418	12.14	MEMORY_BOUND	100.0	keep	baseline run
1b5944f	decode	-	20	1024	0	0.0	-	20.5	2418	0.00	CONSTRAINT_EXCEEDED	100.0	keep	baseline run
1b5944f	decode	-	30	1024	1	48.8	-	20.5	2418	12.06	MEMORY_BOUND	100.0	keep	baseline run
1b5944f	decode	-	50	1024	1	48.9	-	20.5	2418	12.08	MEMORY_BOUND	100.0	keep	baseline run
1b5944f	decode	-	100	1024	1	48.8	-	20.5	2418	12.06	MEMORY_BOUND	100.0	keep	baseline run
1b5944f	decode	-	none	1024	1	48.6	-	20.6	2418	12.02	MEMORY_BOUND	100.0	keep	baseline run
d02a4fe	prefill	32	-	-	-	398.1	80	-	-0	0.29	COMPUTE_BOUND	100.0	keep	baseline run
d02a4fe	prefill	64	-	-	-	574.8	111	-	0	0.43	COMPUTE_BOUND	100.0	keep	baseline run
d02a4fe	prefill	128	-	-	-	755.1	170	-	-0	0.56	COMPUTE_BOUND	100.0	keep	baseline run
d02a4fe	prefill	256	-	-	-	907.2	282	-	0	0.67	COMPUTE_BOUND	100.0	keep	baseline run
d02a4fe	prefill	512	-	-	-	1054.6	485	-	0	0.78	COMPUTE_BOUND	100.0	keep	baseline run
d02a4fe	prefill	1024	-	-	-	1111.4	921	-	-0	0.82	COMPUTE_BOUND	100.0	keep	baseline run
d02a4fe	prefill	2048	-	-	-	1139.5	1797	-	0	0.84	COMPUTE_BOUND	100.0	keep	baseline run
d02a4fe	prefill	4096	-	-	-	1137.4	3601	-	0	0.84	COMPUTE_BOUND	100.0	keep	baseline run
d02a4fe	prefill	8192	-	-	-	1107.5	7397	-	0	0.82	COMPUTE_BOUND	100.0	keep	baseline run
d02a4fe	prefill	16384	-	-	-	1054.3	15541	-	-0	0.78	COMPUTE_BOUND	100.0	keep	baseline run
d02a4fe	decode	-	20	256	0	0.0	-	20.5	2418	0.00	CONSTRAINT_EXCEEDED	100.0	keep	baseline run
d02a4fe	decode	-	30	256	1	49.0	-	20.4	2418	12.10	MEMORY_BOUND	100.0	keep	baseline run
d02a4fe	decode	-	50	256	1	49.1	-	20.4	2418	12.12	MEMORY_BOUND	100.0	keep	baseline run
d02a4fe	decode	-	100	256	1	49.0	-	20.4	2418	12.11	MEMORY_BOUND	100.0	keep	baseline run
d02a4fe	decode	-	none	256	1	49.0	-	20.4	2418	12.11	MEMORY_BOUND	100.0	keep	baseline run
d02a4fe	decode	-	20	1024	0	0.0	-	20.5	2418	0.00	CONSTRAINT_EXCEEDED	100.0	keep	baseline run
d02a4fe	decode	-	30	1024	1	49.0	-	20.4	2418	12.09	MEMORY_BOUND	100.0	keep	baseline run
d02a4fe	decode	-	50	1024	1	48.9	-	20.5	2418	12.08	MEMORY_BOUND	100.0	keep	baseline run
d02a4fe	decode	-	100	1024	1	48.9	-	20.4	2418	12.08	MEMORY_BOUND	100.0	keep	baseline run
d02a4fe	decode	-	none	1024	1	49.0	-	20.4	2418	12.10	MEMORY_BOUND	100.0	keep	baseline run
d02a4fe	prefill	32	-	-	-	403.9	79	-	-0	0.30	COMPUTE_BOUND	100.0	keep	baseline run
d02a4fe	prefill	64	-	-	-	578.4	111	-	0	0.43	COMPUTE_BOUND	100.0	keep	baseline run
d02a4fe	prefill	128	-	-	-	753.3	170	-	0	0.56	COMPUTE_BOUND	100.0	keep	baseline run
d02a4fe	prefill	256	-	-	-	904.8	283	-	0	0.67	COMPUTE_BOUND	100.0	keep	baseline run
d02a4fe	prefill	512	-	-	-	1070.3	478	-	0	0.79	COMPUTE_BOUND	100.0	keep	baseline run
d02a4fe	prefill	1024	-	-	-	1115.2	918	-	0	0.83	COMPUTE_BOUND	100.0	keep	baseline run
d02a4fe	prefill	2048	-	-	-	1146.5	1786	-	0	0.85	COMPUTE_BOUND	100.0	keep	baseline run
d02a4fe	prefill	4096	-	-	-	1138.3	3598	-	0	0.84	COMPUTE_BOUND	100.0	keep	baseline run
d02a4fe	prefill	8192	-	-	-	1112.9	7361	-	0	0.82	COMPUTE_BOUND	100.0	keep	baseline run
d02a4fe	prefill	16384	-	-	-	1033.1	15858	-	0	0.77	COMPUTE_BOUND	100.0	keep	baseline run
d02a4fe	decode	-	20	256	0	0.0	-	20.5	2419	0.00	CONSTRAINT_EXCEEDED	100.0	keep	baseline run
d02a4fe	decode	-	30	256	1	49.0	-	20.4	2419	12.10	MEMORY_BOUND	100.0	keep	baseline run
d02a4fe	decode	-	50	256	1	48.9	-	20.4	2419	12.08	MEMORY_BOUND	100.0	keep	baseline run
d02a4fe	decode	-	100	256	1	48.9	-	20.5	2419	12.08	MEMORY_BOUND	100.0	keep	baseline run
d02a4fe	decode	-	none	256	1	48.3	-	20.7	2419	11.92	MEMORY_BOUND	100.0	keep	baseline run
d02a4fe	decode	-	20	1024	0	0.0	-	20.5	2419	0.00	CONSTRAINT_EXCEEDED	100.0	keep	baseline run
d02a4fe	decode	-	30	1024	1	48.4	-	20.7	2419	11.96	MEMORY_BOUND	100.0	keep	baseline run
d02a4fe	decode	-	50	1024	1	48.7	-	20.5	2419	12.03	MEMORY_BOUND	100.0	keep	baseline run
d02a4fe	decode	-	100	1024	1	48.8	-	20.5	2419	12.05	MEMORY_BOUND	100.0	keep	baseline run
d02a4fe	decode	-	none	1024	1	48.5	-	20.6	2419	11.98	MEMORY_BOUND	100.0	keep	baseline run
d02a4fe	prefill	32	-	-	-	387.6	83	-	0	0.29	COMPUTE_BOUND	100.0	keep	baseline run
d02a4fe	prefill	64	-	-	-	565.6	113	-	0	0.42	COMPUTE_BOUND	100.0	keep	baseline run
d02a4fe	prefill	128	-	-	-	768.5	167	-	0	0.57	COMPUTE_BOUND	100.0	keep	baseline run
d02a4fe	prefill	256	-	-	-	911.1	281	-	0	0.67	COMPUTE_BOUND	100.0	keep	baseline run
d02a4fe	prefill	512	-	-	-	1054.5	486	-	0	0.78	COMPUTE_BOUND	100.0	keep	baseline run
d02a4fe	prefill	1024	-	-	-	1112.2	921	-	-0	0.82	COMPUTE_BOUND	100.0	keep	baseline run
d02a4fe	prefill	2048	-	-	-	1144.8	1789	-	0	0.85	COMPUTE_BOUND	100.0	keep	baseline run
d02a4fe	prefill	4096	-	-	-	1138.5	3598	-	0	0.84	COMPUTE_BOUND	100.0	keep	baseline run
d02a4fe	prefill	8192	-	-	-	1108.4	7391	-	0	0.82	COMPUTE_BOUND	100.0	keep	baseline run
d02a4fe	prefill	16384	-	-	-	1036.4	15809	-	0	0.77	COMPUTE_BOUND	100.0	keep	baseline run
d02a4fe	decode	-	20	256	0	0.0	-	20.5	2416	0.00	CONSTRAINT_EXCEEDED	100.0	keep	baseline run
d02a4fe	decode	-	30	256	1	48.7	-	20.5	2416	12.02	MEMORY_BOUND	100.0	keep	baseline run
d02a4fe	decode	-	50	256	1	44.5	-	22.5	2416	10.98	MEMORY_BOUND	100.0	keep	baseline run
d02a4fe	decode	-	100	256	1	40.3	-	24.8	2416	9.96	MEMORY_BOUND	100.0	keep	baseline run
d02a4fe	decode	-	none	256	1	43.5	-	23.0	2416	10.74	MEMORY_BOUND	100.0	keep	baseline run
d02a4fe	decode	-	20	1024	0	0.0	-	22.1	2416	0.00	CONSTRAINT_EXCEEDED	100.0	keep	baseline run
d02a4fe	decode	-	30	1024	1	45.7	-	21.9	2416	11.28	MEMORY_BOUND	100.0	keep	baseline run
d02a4fe	decode	-	50	1024	1	46.0	-	21.7	2416	11.37	MEMORY_BOUND	100.0	keep	baseline run
d02a4fe	decode	-	100	1024	1	45.8	-	21.9	2416	11.30	MEMORY_BOUND	100.0	keep	baseline run
d02a4fe	decode	-	none	1024	1	45.1	-	22.2	2416	11.15	MEMORY_BOUND	100.0	keep	baseline run
d02a4fe	prefill	32	-	-	-	360.9	89	-	0	0.27	COMPUTE_BOUND	100.0	keep	baseline run
d02a4fe	prefill	64	-	-	-	564.1	113	-	0	0.42	COMPUTE_BOUND	100.0	keep	baseline run
d02a4fe	prefill	128	-	-	-	745.4	172	-	-0	0.55	COMPUTE_BOUND	100.0	keep	baseline run
d02a4fe	prefill	256	-	-	-	883.0	290	-	0	0.65	COMPUTE_BOUND	100.0	keep	baseline run
d02a4fe	prefill	512	-	-	-	1037.8	493	-	0	0.77	COMPUTE_BOUND	100.0	keep	baseline run
d02a4fe	prefill	1024	-	-	-	1059.6	966	-	-7	0.78	COMPUTE_BOUND	100.0	keep	baseline run
d02a4fe	prefill	2048	-	-	-	1050.0	1950	-	-10	0.78	COMPUTE_BOUND	100.0	keep	baseline run
d02a4fe	prefill	4096	-	-	-	1046.0	3916	-	0	0.77	COMPUTE_BOUND	100.0	keep	baseline run
d02a4fe	prefill	8192	-	-	-	1032.5	7934	-	-6	0.76	COMPUTE_BOUND	100.0	keep	baseline run
d02a4fe	prefill	16384	-	-	-	980.8	16705	-	-0	0.73	COMPUTE_BOUND	100.0	keep	baseline run
d02a4fe	decode	-	20	256	0	0.0	-	21.5	2080	0.00	CONSTRAINT_EXCEEDED	100.0	keep	baseline run
d02a4fe	decode	-	30	256	1	46.6	-	21.5	2080	11.51	MEMORY_BOUND	100.0	keep	baseline run
d02a4fe	decode	-	50	256	1	46.5	-	21.5	2080	11.48	MEMORY_BOUND	100.0	keep	baseline run
d02a4fe	decode	-	100	256	1	46.5	-	21.5	2080	11.47	MEMORY_BOUND	100.0	keep	baseline run
d02a4fe	decode	-	none	256	1	46.6	-	21.4	2080	11.52	MEMORY_BOUND	100.0	keep	baseline run
d02a4fe	decode	-	20	1024	0	0.0	-	21.5	2080	0.00	CONSTRAINT_EXCEEDED	100.0	keep	baseline run
d02a4fe	decode	-	30	1024	1	46.4	-	21.6	2080	11.45	MEMORY_BOUND	100.0	keep	baseline run
d02a4fe	decode	-	50	1024	1	46.4	-	21.6	2080	11.46	MEMORY_BOUND	100.0	keep	baseline run
d02a4fe	decode	-	100	1024	1	46.3	-	21.6	2080	11.44	MEMORY_BOUND	100.0	keep	baseline run
d02a4fe	decode	-	none	1024	1	45.6	-	21.9	2080	11.27	MEMORY_BOUND	100.0	keep	baseline run
